[
 {
  "id": "ID874320",
  "first_name": "Adriano",
  "last_name": "Alfaro",
  "active": "true",
  "relationship": "member",
  "avatar": "Adriano_Alfaro.jpg",
  "membership": "GOLD",
  "phone": "+49 171 12 34 567",
  "email_address": "Adriano.Alfaro@gmail.com"
 },
 {
  "id": "ID874321",
  "first_name": "Amy-Louise",
  "last_name": "Klein",
  "active": "false",
  "relationship": "staff",
  "avatar": "Amy-Louise_Klein.jpg",
  "membership": null,
  "phone": "+49 171 12 34 568",
  "email_address": "Amy-Louise.Klein@gmail.com"
 },
 {
  "id": "ID874322",
  "first_name": "Ashley",
  "last_name": "White",
  "active": "true",
  "relationship": "prospect",
  "avatar": "Ashley_White.jpg",
  "membership": "SILVER",
  "phone": "+49 171 12 34 569",
  "email_address": "Ashley.White@gmail.com"
 },
 {
  "id": "ID874323",
  "first_name": "Brittany",
  "last_name": "Walsh",
  "active": "false",
  "relationship": "member",
  "avatar": "Brittany_Walsh.jpg",
  "membership": "GOLD",
  "phone": "+49 171 12 34 570",
  "email_address": "Brittany.Walsh@gmail.com"
 },
 {
  "id": "ID874324",
  "first_name": "Brittney",
  "last_name": "Allen",
  "active": "true",
  "relationship": "staff",
  "avatar": "Brittney_Allen.jpg",
  "membership": null,
  "phone": "+49 171 12 34 571",
  "email_address": "Brittney.Allen@gmail.com"
 },
 {
  "id": "ID874325",
  "first_name": "Duncan",
  "last_name": "Bentley",
  "active": "false",
  "relationship": "prospect",
  "avatar": "Duncan_Bentley.jpg",
  "membership": "PLATIN",
  "phone": "+49 171 12 34 572",
  "email_address": "Duncan.Bentley@gmail.com"
 },
 {
  "id": "ID874326",
  "first_name": "Eric",
  "last_name": "Sherman",
  "active": "true",
  "relationship": "member",
  "avatar": "Eric_Sherman.jpg",
  "membership": "GOLD",
  "phone": "+49 171 12 34 573",
  "email_address": "Eric.Sherman@gmail.com"
 },
 {
  "id": "ID874327",
  "first_name": "Holly",
  "last_name": "Maldano",
  "active": "false",
  "relationship": "staff",
  "avatar": "Holly_Maldano.jpg",
  "membership": null,
  "phone": "+49 171 12 34 574",
  "email_address": "Holly.Maldano@gmail.com"
 },
 {
  "id": "ID874328",
  "first_name": "Jermaine",
  "last_name": "Hall",
  "active": "true",
  "relationship": "prospect",
  "avatar": "Jermaine_Hall.jpg",
  "membership": "SILVER",
  "phone": "+49 171 12 34 575",
  "email_address": "Jermaine.Hall@gmail.com"
 },
 {
  "id": "ID874329",
  "first_name": "Kevin",
  "last_name": "Aldano",
  "active": "false",
  "relationship": "member",
  "avatar": "Kevin_Aldano.jpg",
  "membership": "PLATIN",
  "phone": "+49 171 12 34 576",
  "email_address": "Kevin.Aldano@gmail.com"
 },
 {
  "id": "ID874330",
  "first_name": "Luc",
  "last_name": "Bernier",
  "active": "true",
  "relationship": "staff",
  "avatar": "Luc_Bernier.jpg",
  "membership": null,
  "phone": "+49 171 12 34 577",
  "email_address": "Luc.Bernier@gmail.com"
 },
 {
  "id": "ID874331",
  "first_name": "Luca",
  "last_name": "Dimitrov",
  "active": "false",
  "relationship": "prospect",
  "avatar": "Luca_Dimitrov.jpg",
  "membership": "PLATIN",
  "phone": "+49 171 12 34 578",
  "email_address": "Luca.Dimitrov@gmail.com"
 },
 {
  "id": "ID874332",
  "first_name": "Maddox",
  "last_name": "Blake",
  "active": "true",
  "relationship": "member",
  "avatar": "Maddox_Blake.jpg",
  "membership": "GOLD",
  "phone": "+49 171 12 34 579",
  "email_address": "Maddox.Blake@gmail.com"
 },
 {
  "id": "ID874333",
  "first_name": "Magrit",
  "last_name": "Stiffel",
  "active": "false",
  "relationship": "staff",
  "avatar": "Magrit_Stiffel.jpg",
  "membership": null,
  "phone": "+49 171 12 34 580",
  "email_address": "Magrit.Stiffel@gmail.com"
 },
 {
  "id": "ID874334",
  "first_name": "Molly",
  "last_name": "Vinson",
  "active": "true",
  "relationship": "prospect",
  "avatar": "Molly_Vinson.jpg",
  "membership": "SILVER",
  "phone": "+49 171 12 34 581",
  "email_address": "Molly.Vinson@gmail.com"
 },
 {
  "id": "ID874335",
  "first_name": "Nathan",
  "last_name": "Azevedo",
  "active": "false",
  "relationship": "member",
  "avatar": "Nathan_Azevedo.jpg",
  "membership": "GOLD",
  "phone": "+49 171 12 34 582",
  "email_address": "Nathan.Azevedo@gmail.com"
 },
 {
  "id": "ID874336",
  "first_name": "Nino",
  "last_name": "Endrizzi",
  "active": "true",
  "relationship": "staff",
  "avatar": "Nino_Endrizzi.jpg",
  "membership": null,
  "phone": "+49 171 12 34 583",
  "email_address": "Nino.Endrizzi@gmail.com"
 },
 {
  "id": "ID874337",
  "first_name": "Nojus",
  "last_name": "Hutton",
  "active": "false",
  "relationship": "prospect",
  "avatar": "Nojus_Hutton.jpg",
  "membership": "SILVER",
  "phone": "+49 171 12 34 584",
  "email_address": "Nojus.Hutton@gmail.com"
 },
 {
  "id": "ID874338",
  "first_name": "Shannon",
  "last_name": "Adams",
  "active": "true",
  "relationship": "member",
  "avatar": "Shannon_Adams.jpg",
  "membership": "PLATIN",
  "phone": "+49 171 12 34 585",
  "email_address": "Shannon.Adams@gmail.com"
 },
 {
  "id": "ID874339",
  "first_name": "Stephanie",
  "last_name": "Harris",
  "active": "false",
  "relationship": "staff",
  "avatar": "Stephanie_Harris.jpg",
  "membership": null,
  "phone": "+49 171 12 34 586",
  "email_address": "Stephanie.Harris@gmail.com"
 }
]
